id,conversation_id,created_at,date,time,timezone,user_id,username,name,place,tweet,language,mentions,urls,photos,replies_count,retweets_count,likes_count,hashtags,cashtags,link,retweet,quote_url,video,thumbnail,near,geo,source,user_rt_id,user_rt,retweet_id,reply_to,retweet_date,translate,trans_src,trans_dest
1518764391344267270,1518764391344267270,2022-04-25 22:30:22 Hora PadrÃ£o da Bahia,2022-04-25,22:30:22,-0300,4629133401,leilaprelec,Leila Prelec,,"The Economist wrote that the Chechens are fighting in Ukraine for Putin, to ""keep Ukraine under Russia's sway.""  Is Biden's weaponry going to Ukraine to keep Ukraine under the sway of the U.S.?",en,[],[],[],0,0,0,[],[],https://twitter.com/LeilaPrelec/status/1518764391344267270,False,,0,,,,,,,,[],,,,
1518764383161274369,1518716371382591488,2022-04-25 22:30:20 Hora PadrÃ£o da Bahia,2022-04-25,22:30:20,-0300,1029062521930637314,lookseetruth,Individual Zero,,@MarkHamill @TristanSnell I suspect you don't actually mean 'no matter who.' Putin? Kim Jong Un? Alex Jones? Every one who uses this platform will be enriching Musk and be will influencing our elections. I suspect not for the better. I hope the good ones all move somewhere else- eg  https://t.co/fV3sEiJ2MA,en,[],['http://counter.social'],[],0,0,0,[],[],https://twitter.com/lookseetruth/status/1518764383161274369,False,,0,,,,,,,,"[{'screen_name': 'MarkHamill', 'name': 'Mark Hamill', 'id': '304679484'}, {'screen_name': 'TristanSnell', 'name': 'Tristan Snell', 'id': '15801906'}]",,,,
1518764379256229888,1517707521343082496,2022-04-25 22:30:19 Hora PadrÃ£o da Bahia,2022-04-25,22:30:19,-0300,1512669341405179905,werewolfwu,Werewolf Wu,,"@TeamBunt @elonmusk Emperor Xi Jingping, Dear Leader Kim Jong Un and Putin all agree with you: ""hate speech"" cannot be tolerated!",en,[],[],[],0,0,0,[],[],https://twitter.com/WerewolfWu/status/1518764379256229888,False,,0,,,,,,,,"[{'screen_name': 'TeamBunt', 'name': 'James & Esther Bunt', 'id': '20135254'}, {'screen_name': 'elonmusk', 'name': 'Elon Musk', 'id': '44196397'}]",,,,
1518764376005615616,1518764376005615616,2022-04-25 22:30:19 Hora PadrÃ£o da Bahia,2022-04-25,22:30:19,-0300,374181514,cheddarbear16,Daniil Pauley,,I'm pretty sure this is how Putin finds all those extra votes needed to win each election. Florida and the policies getting pushed through these past few weeks by Republican psychos qualify it to be truly a shithole state.   https://t.co/Rb1XB42piM,en,[],['https://twitter.com/kylegriffin1/status/1518708932038082564'],[],0,0,0,[],[],https://twitter.com/Cheddarbear16/status/1518764376005615616,False,https://twitter.com/kylegriffin1/status/1518708932038082564,0,,,,,,,,[],,,,
1518764374130892800,1518702744072249346,2022-04-25 22:30:18 Hora PadrÃ£o da Bahia,2022-04-25,22:30:18,-0300,1058181852895285248,alfredohuallpa1,H.s.c A,,@AlertaNews24 @Hector45548730 Existe un peligro por el loco de putin #PutinAsesino,es,[],[],[],0,0,0,['putinasesino'],[],https://twitter.com/AlfredoHuallpa1/status/1518764374130892800,False,,0,,,,,,,,"[{'screen_name': 'AlertaNews24', 'name': 'Alerta News 24', 'id': '39692424'}, {'screen_name': 'Hector45548730', 'name': 'HÃ©ctor', 'id': '1257521363528691713'}]",,,,
1518764373266771968,1518745857100759040,2022-04-25 22:30:18 Hora PadrÃ£o da Bahia,2022-04-25,22:30:18,-0300,31077930,igeusllc,igeus,,"@RALee85 February 24 of 2022 Vladimir #Putin started the last war of the human race, WW3. All 8 billion of us will die in it! -- People should do something to stop this",en,[],[],[],0,0,0,['putin'],[],https://twitter.com/igeusllc/status/1518764373266771968,False,,0,,,,,,,,"[{'screen_name': 'RALee85', 'name': 'Rob Lee', 'id': '4107939250'}]",,,,
1518764365742317569,1518764365742317569,2022-04-25 22:30:16 Hora PadrÃ£o da Bahia,2022-04-25,22:30:16,-0300,1613963288,periodico_lavoz,PeriÃ³dico La Voz,,"#Mundo ğŸ‘‰ğŸ”´ Nuevas imÃ¡genes de Vladimir Putin lo muestran luciendo tembloroso, inquieto y mordiÃ©ndose los labios durante una misa para la Pascua ortodoxa #ATodaHoraSiempreALaMano  https://t.co/xBossYo7vL",es,[],['https://pst.cr/TGkJy'],[],0,0,0,"['mundo', 'atodahorasiemprealamano']",[],https://twitter.com/periodico_lavoz/status/1518764365742317569,False,,0,,,,,,,,[],,,,
1518764363141849089,1518764049697284102,2022-04-25 22:30:16 Hora PadrÃ£o da Bahia,2022-04-25,22:30:16,-0300,1684227620,bizzoutarik,Tarik Bizz,,@TrashTalk_fr Il a pas le droit Ã  ce moment lÃ  Putin tu peux peut Ãªtre avoir un tir pour la gagne ou pour lâ€™overtime Ã©cÅ“urant ğŸ¤®,fr,[],[],[],0,0,0,[],[],https://twitter.com/BizzouTarik/status/1518764363141849089,False,,0,,,,,,,,"[{'screen_name': 'TrashTalk_fr', 'name': 'TrashTalk', 'id': '940196570'}]",,,,
1518764361904443393,1518669635641610240,2022-04-25 22:30:15 Hora PadrÃ£o da Bahia,2022-04-25,22:30:15,-0300,21869025,jcs2,Æ¤Æ›È¤ğŸ•Šï¸,,"@Scout_Finch The #GOP constantly create false narratives while at the same time betraying their constituents, their country &amp; conservative principles!   4 whatâ‰ï¸ â–ªï¸cover arses â–ªï¸divide US â–ªï¸power hungry â–ªï¸destroy democracy â–ªï¸push Putin's US agenda â–ªï¸love autocracy #WakeUpAmerica",en,[],[],[],0,0,0,"['gop', 'wakeupamerica']",[],https://twitter.com/jcs2/status/1518764361904443393,False,,0,,,,,,,,"[{'screen_name': 'Scout_Finch', 'name': 'Jennifer Hayden', 'id': '14364337'}]",,,,
1518764339506958337,1518649090741084166,2022-04-25 22:30:10 Hora PadrÃ£o da Bahia,2022-04-25,22:30:10,-0300,1399054527479877633,kmafr_,Kma,,"@putin_yung Lyrically yeah, overall at making music? wouldnt say hes super clear",en,[],[],[],0,0,0,[],[],https://twitter.com/KmaFr_/status/1518764339506958337,False,,0,,,,,,,,"[{'screen_name': 'putin_yung', 'name': 'yung Putin', 'id': '1164286386515693570'}]",,,,
1518764336117952513,1518764336117952513,2022-04-25 22:30:09 Hora PadrÃ£o da Bahia,2022-04-25,22:30:09,-0300,2290099785,karilehtinenx,kari lehtinen,, https://t.co/zadICNNvH0  MihinkÃ¤Ã¤n mitÃ¤ Putin tekee tai sanoo tai vÃ¤ittÃ¤Ã¤ ei voi luottaa.,fi,[],['https://yle.fi/uutiset/3-12416511?utm_source=social-media-share&utm_medium=social&utm_campaign=ylefiapp'],[],0,0,0,[],[],https://twitter.com/karilehtinenX/status/1518764336117952513,False,,0,,,,,,,,[],,,,
1518764335258079233,1516033907879251985,2022-04-25 22:30:09 Hora PadrÃ£o da Bahia,2022-04-25,22:30:09,-0300,1311622693574377472,dogsdontliket,#dogsdontliket+rump,,"@ReganLieutenant @EnrelChi @gopisdirty @SnoJustis @RealDoctorT @Saggit95 @donnnie @WHurensohn @OliverPuzzie @EducatingTrump2 @akuscg @FamousSheymus1 @SandraNotSandy1 @eric_heffernan @Lurabyss @LadyOfTheOcean1 @jeffschlueter1 @fred_rulz @Annie20554592 @gmarshall1965 @PaulConfer @GrieveNSpin @Jennie_SC1 @RonFancy @AggressiveDem @Emma34770971 @ShellyRKirchoff @RepublicanRehab @yammerapple @Woody4123 @spanna65 @CleeseRaymond @Q_Estrada @SumatraSue @Maga4Justice @texasangler1968 @browneaglewings @Evry1H8sGrtzLOL @MinnesotaExpat @ItsMeMsVee @BsSlayah @padenpur @trx1000 @Flattielover @Emolclause @CalltoActivism @EliavAbey Oh and btw that ""Bogus"" treaty was working loser goober .. In fact yo boy Putin is trying to get the same treaty re-instated yo boy tore up ğŸ¤¡ Can't wait until TFG says it's ""genius"" like the Ukraine invasion right ?  https://t.co/PwPUpwOyGI",en,[],[],['https://pbs.twimg.com/media/FRO7p5zWUAIcy9K.jpg'],0,0,0,[],[],https://twitter.com/dogsdontliket/status/1518764335258079233,False,,1,https://pbs.twimg.com/media/FRO7p5zWUAIcy9K.jpg,,,,,,,"[{'screen_name': 'ReganLieutenant', 'name': 'Reagan Lieutenant', 'id': '1912352094'}, {'screen_name': 'EnrelChi', 'name': 'Enrel Chi', 'id': '821981332842627072'}, {'screen_name': 'gopisdirty', 'name': 'MAtFA', 'id': '278050698'}, {'screen_name': 'SnoJustis', 'name': 'Sno Just Is', 'id': '1461888710304321539'}, {'screen_name': 'RealDoctorT', 'name': 'â¤ï¸ğŸ‡ºğŸ‡¸MiracleOfLifeğŸ¦®ğŸ¦®', 'id': '1253516611828568066'}, {'screen_name': 'Saggit95', 'name': 'Dr. Sagittarius.', 'id': '1219279638062608385'}, {'screen_name': 'donnnie', 'name': 'ğŸŒŠDonnnie DğŸŒŠ', 'id': '15089203'}, {'screen_name': 'WHurensohn', 'name': ""Trolls Say 'What?'"", 'id': '2492168197'}, {'screen_name': 'OliverPuzzie', 'name': 'Oliver Puzzie - King of the Wooks', 'id': '1508300081367158787'}, {'screen_name': 'EducatingTrump2', 'name': 'CorrectingTrumpâ­ï¸â­ï¸â­ï¸â­ï¸ğŸ¥¦', 'id': '1261978725006086145'}, {'screen_name': 'akuscg', 'name': 'Neanderthal-Pamela Tango_AKUSCG', 'id': '1039940321080168450'}, {'screen_name': 'FamousSheymus1', 'name': 'Dee Stands With Ukraine ğŸ‡ºğŸ‡² ğŸ‡ºğŸ‡¦â™€ï¸', 'id': '1489612863106957319'}, {'screen_name': 'SandraNotSandy1', 'name': 'Attorney Sandra', 'id': '705543930'}, {'screen_name': 'eric_heffernan', 'name': 'ERIC HEFFERNAN', 'id': '791757121972940800'}, {'screen_name': 'Lurabyss', 'name': 'Lurabyss', 'id': '883767894'}, {'screen_name': 'LadyOfTheOcean1', 'name': 'VOTE BLUE 22 ... and bring a friend! DEMOCATS!!', 'id': '117553796'}, {'screen_name': 'jeffschlueter1', 'name': 'still masking and quite content', 'id': '1022563676'}, {'screen_name': 'fred_rulz', 'name': 'D.B. Kooper', 'id': '1098802550722187265'}, {'screen_name': 'Annie20554592', 'name': '~~~Lady Tremaine~~~aka annie', 'id': '1349947381794615297'}, {'screen_name': 'gmarshall1965', 'name': 'TheTruthğŸŒŠ I need a Vacation.', 'id': '42330257'}, {'screen_name': 'PaulConfer', 'name': 'RandomGuyOnTw1tter', 'id': '4905495092'}, {'screen_name': 'GrieveNSpin', 'name': 'ğŸ‡ºğŸ‡¦Peter PenseğŸ‡ºğŸ‡¦', 'id': '1003297856038625280'}, {'screen_name': 'Jennie_SC1', 'name': 'Jen', 'id': '3103293436'}, {'screen_name': 'RonFancy', 'name': 'Ron ""Rants"" Fancy Pants', 'id': '1375803753345941506'}, {'screen_name': 'AggressiveDem', 'name': 'Eric', 'id': '528585433'}, {'screen_name': 'Emma34770971', 'name': 'Emma ğŸŒ¸âœï¸', 'id': '1241137370252091395'}, {'screen_name': 'ShellyRKirchoff', 'name': 'Shelly R Kirchoff', 'id': '848609180218949633'}, {'screen_name': 'RepublicanRehab', 'name': 'ğŸ‡ºğŸ‡¦ Stand with Ukraine ğŸ‡ºğŸ‡¦', 'id': '370157198'}, {'screen_name': 'yammerapple', 'name': 'Kraig Gladden', 'id': '890300384895488001'}, {'screen_name': 'Woody4123', 'name': 'Woody412 ğŸ‡ºğŸ‡¦ğŸ‡ºğŸ‡¦ğŸ‡ºğŸ‡¦ #ConorLambForPa', 'id': '1274399774922493959'}, {'screen_name': 'spanna65', 'name': 'spanna65', 'id': '1248297421467267084'}, {'screen_name': 'CleeseRaymond', 'name': 'Specter of Happiness ğŸŒºâ˜®ï¸ğŸ‡µğŸ‡¸', 'id': '1231866547787821057'}, {'screen_name': 'Q_Estrada', 'name': 'Estrada511', 'id': '54355075'}, {'screen_name': 'SumatraSue', 'name': 'ğŸ‘¨\u200dğŸ‘¦\u200dğŸ‘¦ğŸ‡ºğŸ‡²SumatraSueğŸ‡ºğŸ‡¸ğŸ›ğŸŒ', 'id': '872782286'}, {'screen_name': 'Maga4Justice', 'name': 'Rondalee Iowa', 'id': '929912597519925248'}, {'screen_name': 'texasangler1968', 'name': 'ğŸ‡ºğŸ‡¸ First', 'id': '4831515354'}, {'screen_name': 'browneaglewings', 'name': 'brown eagle', 'id': '1477261573794193414'}, {'screen_name': 'Evry1H8sGrtzLOL', 'name': 'GritzNGravy21', 'id': '1448297996010000387'}, {'screen_name': 'MinnesotaExpat', 'name': 'BrentğŸ‡ºğŸ‡¦', 'id': '2671279038'}, {'screen_name': 'ItsMeMsVee', 'name': 'ğŸŒToTheLeftToTheLeft ğŸŒğŸMsVee & the beesğŸ', 'id': '544515067'}, {'screen_name': 'BsSlayah', 'name': 'BS Slayah', 'id': '1401038808427028484'}, {'screen_name': 'padenpur', 'name': 'Denise P Rescue Dog Mom ğŸ‡ºğŸ‡¦ğŸŒŠğŸŒŠğŸŒŠğŸğŸŒ»ğŸğŸŒ»ğŸğŸ’‰ğŸ’‰ğŸ’‰', 'id': '21130829'}, {'screen_name': 'trx1000', 'name': 'Sweet LeafğŸŒŠâš¡ï¸ğŸ¸', 'id': '1515816038969004035'}, {'screen_name': 'Flattielover', 'name': 'Deb A ğŸ‡ºğŸ‡¸ğŸ¾. ğŸ•\u200dğŸ¦º ğŸ¾. ğŸ‡ºğŸ‡¸', 'id': '346154820'}, {'screen_name': 'Emolclause', 'name': 'Emoluments Clause', 'id': '802649176299466752'}, {'screen_name': 'CalltoActivism', 'name': 'CALL TO ACTIVISM', 'id': '819994707061248001'}, {'screen_name': 'EliavAbey', 'name': 'EliavAbey', 'id': '743811432165285889'}]",,,,
1518764321551142914,1518764321551142914,2022-04-25 22:30:06 Hora PadrÃ£o da Bahia,2022-04-25,22:30:06,-0300,68524735,keithmartinmd,Keith Martin MD,,This little one was killed as a direct result of Putinâ€™s decision to invade #Ukraine &amp; kill innocent civilians. Give #Ukraine the weapons it needs to defend itself. Cc @SecBlinken @BorisJohnson @vonderleyen @JustinTrudeau @jensstoltenberg,en,"[{'screen_name': 'secblinken', 'name': 'secretary antony blinken', 'id': '1350150750966603777'}, {'screen_name': 'borisjohnson', 'name': 'boris johnson', 'id': '3131144855'}, {'screen_name': 'vonderleyen', 'name': 'ursula von der leyen', 'id': '1146329871418843136'}, {'screen_name': 'justintrudeau', 'name': 'justin trudeau', 'id': '14260960'}, {'screen_name': 'jensstoltenberg', 'name': 'jens stoltenberg', 'id': '20796069'}]",[],[],0,0,0,"['ukraine', 'ukraine']",[],https://twitter.com/keithmartinmd/status/1518764321551142914,False,https://twitter.com/mariana_betsa/status/1518493589067681792,0,,,,,,,,[],,,,
1518764320980488192,1518764320980488192,2022-04-25 22:30:06 Hora PadrÃ£o da Bahia,2022-04-25,22:30:06,-0300,3052406629,msgrumpybunny,ğŸŒ»â˜¯ï¸ï¸â„³ğ“ˆğ’¢ğ“‡ğ“Šğ“‚ğ“…ğ“â„¬ğ“Šğ“ƒğ“ƒğ“â˜¯ï¸ï¸ğŸŒ»,,"Because limiting access to drop boxes, requiring those who vote by mail to request a mail ballot every election cycle, and gerrymandering isnâ€™t enough to suppress voters. FFS   DeSantis using Putin playbook tactics to win elections.",en,[],[],[],0,0,0,[],[],https://twitter.com/msgrumpybunny/status/1518764320980488192,False,https://twitter.com/occupydemocrats/status/1518711010546249728,0,,,,,,,,[],,,,
1518764317356826624,1518764317356826624,2022-04-25 22:30:05 Hora PadrÃ£o da Bahia,2022-04-25,22:30:05,-0300,1502296508024201225,20peace22media,20PEACE22,,Help by retweeting. Look at other infographics and do the same. #Ukraine #UkraineRussiaWar #Russia #RussiaUkraineWar #putin #stoprussia #StopPutinNOW #Zelensky #StandforUkraine #USA #Trump #USAArmy #NATO  https://t.co/vNLfA6jx8B,en,[],[],['https://pbs.twimg.com/media/FRO8GQaXMAA19v-.jpg'],0,0,0,"['ukraine', 'ukrainerussiawar', 'russia', 'russiaukrainewar', 'putin', 'stoprussia', 'stopputinnow', 'zelensky', 'standforukraine', 'usa', 'trump', 'usaarmy', 'nato']",[],https://twitter.com/20PEACE22media/status/1518764317356826624,False,,1,https://pbs.twimg.com/media/FRO8GQaXMAA19v-.jpg,,,,,,,[],,,,
1518764316035534849,1518764316035534849,2022-04-25 22:30:04 Hora PadrÃ£o da Bahia,2022-04-25,22:30:04,-0300,115983695,normanwlucas,"Norman ""totally vaccinated"" Lucas",,"Russia's atrocities in Mariupol are crimes against humanity. Putin is a war criminal.  We're fortunate to have a @POTUS who gets this, one who's resolutely providing aid to Ukraine's people, unifying our allies &amp; standing up to Putin.@NBCLX @TabithaLipkin  https://t.co/ub6sKArH16",en,"[{'screen_name': 'potus', 'name': 'president biden', 'id': '1349149096909668363'}, {'screen_name': 'nbclx', 'name': 'nbclx', 'id': '1107769230181621762'}, {'screen_name': 'tabithalipkin', 'name': 'tabitha lipkin', 'id': '28039787'}]",['http://buff.ly/3vCENRI'],[],0,0,0,[],[],https://twitter.com/normanwlucas/status/1518764316035534849,False,,0,,,,,,,,[],,,,
1518764311266553856,1518632971653115905,2022-04-25 22:30:03 Hora PadrÃ£o da Bahia,2022-04-25,22:30:03,-0300,17355672,tonythu,tonythu,,@redbuttegarden Putin,en,[],[],[],0,0,0,[],[],https://twitter.com/tonythu/status/1518764311266553856,False,,0,,,,,,,,"[{'screen_name': 'redbuttegarden', 'name': 'Red Butte Garden', 'id': '27738383'}]",,,,
1518764309765300224,1518508607075385344,2022-04-25 22:30:03 Hora PadrÃ£o da Bahia,2022-04-25,22:30:03,-0300,175238215,somuchbullsh,Prince Fed up - (Please retweet),,@AdMarketingAust One in three probably still like Putin.,en,[],[],[],0,0,0,[],[],https://twitter.com/somuchbullsh/status/1518764309765300224,False,,0,,,,,,,,"[{'screen_name': 'AdMarketingAust', 'name': 'Lars Halvorsen', 'id': '23728507'}]",,,,
1518764309723107330,1518764309723107330,2022-04-25 22:30:03 Hora PadrÃ£o da Bahia,2022-04-25,22:30:03,-0300,1093913389959704577,euphonie__,âµ‰âµ£âµâµ‰,,Suddenly the whole world forgot about Vladimir Putin just because @elonmusk bought Twitter ğŸ¤”,en,"[{'screen_name': 'elonmusk', 'name': 'elon musk', 'id': '44196397'}]",[],[],0,0,0,[],[],https://twitter.com/Euphonie__/status/1518764309723107330,False,,0,,,,,,,,[],,,,
1518764304174141441,1518606567456878592,2022-04-25 22:30:02 Hora PadrÃ£o da Bahia,2022-04-25,22:30:02,-0300,501397421,beverlyfolkers,Beverly Stands with Ukraine ğŸŒŠ,,@RudolphTroha @OriondeNevers Putin troll since 217 with 239 followers ğŸ¤£ğŸ¤¡,en,[],[],[],0,0,0,[],[],https://twitter.com/BeverlyFolkers/status/1518764304174141441,False,,0,,,,,,,,"[{'screen_name': 'RudolphTroha', 'name': 'Rudolph Troha âš”ï¸', 'id': '867214679713529856'}, {'screen_name': 'OriondeNevers', 'name': 'Orion de Nevers', 'id': '296677663'}]",,,,
1518769610891440128,1518659732281638912,2022-04-25 22:51:07 Hora PadrÃ£o da Bahia,2022-04-25,22:51:07,-0300,1435027489902968839,amaioalfred,AMAIO,,@IAmNetcromancer @Antman0528 Iâ€™m on team Putin.,en,[],[],[],0,0,0,[],[],https://twitter.com/AmaioAlfred/status/1518769610891440128,False,,0,,,,,,,,"[{'screen_name': 'IAmNetcromancer', 'name': 'Mink Poet', 'id': '1456814484773867520'}, {'screen_name': 'Antman0528', 'name': 'Anthony ğŸ‡®ğŸ‡¹ğŸ‡ºğŸ‡¸', 'id': '1370779040949415937'}]",,,,
1518769608307712001,1518483648164548608,2022-04-25 22:51:06 Hora PadrÃ£o da Bahia,2022-04-25,22:51:06,-0300,1077237615697555457,joeweis55325776,Joe Weiss,,"@olliecarroll Best part is that Sec Def Austin is Black.  Putin, Trump and all the White Nationalist F#cks can be appalled.  I love what Austin said today about the US helping Ukraine destroy Russian capability.  Would love to see Putinâ€™s face when he learned that.  https://t.co/e8mcIBuIoO",en,[],[],['https://pbs.twimg.com/media/FRPA6N3XoAcwO6f.jpg'],0,0,0,[],[],https://twitter.com/JoeWeis55325776/status/1518769608307712001,False,,1,https://pbs.twimg.com/media/FRPA6N3XoAcwO6f.jpg,,,,,,,"[{'screen_name': 'olliecarroll', 'name': 'Oliver Carroll', 'id': '22799257'}]",,,,
1518769606021812225,1518769606021812225,2022-04-25 22:51:06 Hora PadrÃ£o da Bahia,2022-04-25,22:51:06,-0300,2156524035,sillygibby,Gib,,"If Hillary had won in 2016, all Cum Town listeners would've been rounded up &amp; sent to reeducation camps. And that is why we must never forgive Putin for stealing our free &amp; fair election from us.",en,[],[],[],0,0,0,[],[],https://twitter.com/SillyGibby/status/1518769606021812225,False,,0,,,,,,,,[],,,,
1518769605208064004,1518649675557085190,2022-04-25 22:51:05 Hora PadrÃ£o da Bahia,2022-04-25,22:51:05,-0300,197153281,rr_analu,Ana #OPCmx,,"@_ryo_hermoso Y Ã©l tambiÃ©n ante Putin, jajajaja  AsÃ­ los populistas por el mundo",es,[],[],[],0,0,0,[],[],https://twitter.com/rr_analu/status/1518769605208064004,False,,0,,,,,,,,"[{'screen_name': '_ryo_hermoso', 'name': 'Ryo ğŸ’•', 'id': '1497825528274956288'}]",,,,
1518769600330096641,1518726834036387841,2022-04-25 22:51:04 Hora PadrÃ£o da Bahia,2022-04-25,22:51:04,-0300,89932721,one1tay,Toni,,@CNN Is it me or is this the next Putin?,en,[],[],[],0,0,0,[],[],https://twitter.com/one1tay/status/1518769600330096641,False,,0,,,,,,,,"[{'screen_name': 'CNN', 'name': 'CNN', 'id': '759251'}]",,,,
1518769592927232000,1518769592927232000,2022-04-25 22:51:02 Hora PadrÃ£o da Bahia,2022-04-25,22:51:02,-0300,1499763123603050497,fuckputinbot,Fuck Putin Bot - #StandWithUkraine ğŸ‡ºğŸ‡¦,,"Go fuck yourself, Putin! (English)  #IStandWithUkraine #Ukraine #PutinWarCrimes #StandWithUkraine",en,[],[],[],0,0,0,"['istandwithukraine', 'ukraine', 'putinwarcrimes', 'standwithukraine']",[],https://twitter.com/FuckPutinBot/status/1518769592927232000,False,,0,,,,,,,,[],,,,
1518769581959139329,1518769581959139329,2022-04-25 22:51:00 Hora PadrÃ£o da Bahia,2022-04-25,22:51:00,-0300,942122522,guitarsuncat,9:29,,"I mean, the same money that duped Stewart. That's who sold us out. This twitter gambit? It's a #Ukraine contingency. It's happening now, b/c Putin's efforts in Ukraine are going so badly. Right now, Trump looks like the smart one in that pair. It's illusory. He should be deported",en,[],[],[],0,0,0,['ukraine'],[],https://twitter.com/GuitarSunCat/status/1518769581959139329,False,,0,,,,,,,,[],,,,
1518769578402267147,1518769578402267147,2022-04-25 22:50:59 Hora PadrÃ£o da Bahia,2022-04-25,22:50:59,-0300,50367257,bloomsbury1918,B,,"Biden, Trudeau, Macron are the Presidents of Ukraine? Boris who can barely cope with the UK is president of #Ukraineï¸ NO, anyone see Zelensky isn't very smart but what a stubbornness of U.S. and EU to interfere in their peace talks.  #Russia #Putin",en,[],[],[],0,0,0,"['ukraineï¸', 'russia', 'putin']",[],https://twitter.com/bloomsbury1918/status/1518769578402267147,False,,0,,,,,,,,[],,,,
1518769570256982016,1518698466758864898,2022-04-25 22:50:57 Hora PadrÃ£o da Bahia,2022-04-25,22:50:57,-0300,764924651596308480,isofulford,Nicholas Fulford,,"@DmytroKuleba Putin keeps using nuclear bluster to try to get the West to fight with one arm tied behind its back.  Putin could end the war tomorrow by withdrawing from Ukraine, and the West would work to enhance Russia's and all of Europe's security. But allowing Russian empire is a bit NYET!",en,[],[],[],0,0,0,[],[],https://twitter.com/IsoFulford/status/1518769570256982016,False,,0,,,,,,,,"[{'screen_name': 'DmytroKuleba', 'name': 'Dmytro Kuleba', 'id': '2885493519'}]",,,,
1518769569405448192,1518735239358697472,2022-04-25 22:50:57 Hora PadrÃ£o da Bahia,2022-04-25,22:50:57,-0300,852000333265985543,circuspubes,sentient meat,,@mehdirhasan @juliaioffe @MehdiHasanShow Why does everyone want to give other people countriesâ€™ land away? I donâ€™t see us offering up Alaska to Putin if he withdraws from Ukraine.,en,[],[],[],0,0,0,[],[],https://twitter.com/CircusPubes/status/1518769569405448192,False,,0,,,,,,,,"[{'screen_name': 'mehdirhasan', 'name': 'Mehdi Hasan', 'id': '130557513'}, {'screen_name': 'juliaioffe', 'name': 'Julia Ioffe', 'id': '71048726'}, {'screen_name': 'MehdiHasanShow', 'name': 'The Mehdi Hasan Show', 'id': '1311714648622870529'}]",,,,
1518769564003094528,1518677066325053441,2022-04-25 22:50:56 Hora PadrÃ£o da Bahia,2022-04-25,22:50:56,-0300,32337531,canuckkris,KG Stands with Ukraine. F U Putin,,"@elonmusk Why not buy trumps version of twitter it has what you are looking for, itâ€™s everything you are looking for.",en,[],[],[],0,0,0,[],[],https://twitter.com/CanuckKris/status/1518769564003094528,False,,0,,,,,,,,"[{'screen_name': 'elonmusk', 'name': 'Elon Musk', 'id': '44196397'}]",,,,
1518769558051512320,1518769558051512320,2022-04-25 22:50:54 Hora PadrÃ£o da Bahia,2022-04-25,22:50:54,-0300,740891388,rodneyurbanski,rodney urbanski,,"TRâ˜­MP luvs her tiniest handed GQP, Faux Knewz, cult BASE &amp; pÃ…pa Putinâ€™s pee tapes, all part of her proudbÂ°ys kKklub.",en,[],[],[],0,0,0,[],[],https://twitter.com/rodneyurbanski/status/1518769558051512320,False,https://twitter.com/palazzo214/status/1518209885875302402,0,,,,,,,,[],,,,
1518769550170333184,1518608186076450817,2022-04-25 22:50:52 Hora PadrÃ£o da Bahia,2022-04-25,22:50:52,-0300,1096938899086004225,richard82961012,Richard Lawson,,@FinancialTimes Living in A Fools paradise putting everything on the line to join all the leader failures of the past Remembering Putin will be a historical embarrassment for all Russians.,en,[],[],[],0,0,0,[],[],https://twitter.com/Richard82961012/status/1518769550170333184,False,,0,,,,,,,,"[{'screen_name': 'FinancialTimes', 'name': 'Financial Times', 'id': '4898091'}]",,,,
1518769543484559360,1518769543484559360,2022-04-25 22:50:51 Hora PadrÃ£o da Bahia,2022-04-25,22:50:51,-0300,1471989960177643522,langtree_lillie,LillieLangtree,,"The filthy @GOP Fascist Red Commie Republican Party is ROOTING FOR &amp; APPLAUDING RED COMMIE   RUSSIA &amp; CHANTING ""PUTIN! PUTIN! PUTIN!"" @ their BILLIONAIRES' fundraisers &amp; PUTIN IS READYING for NUCLEAR WAR that America WILL HAVE TO RESPOND TO.  Republicans = DEATH-WISH TRAITORS!",en,"[{'screen_name': 'gop', 'name': 'gop', 'id': '11134252'}]",[],[],0,0,0,[],[],https://twitter.com/langtree_lillie/status/1518769543484559360,False,https://twitter.com/HutsulUSA/status/1518765942905344001,0,,,,,,,,[],,,,
1518769535754645504,1518747187307433984,2022-04-25 22:50:49 Hora PadrÃ£o da Bahia,2022-04-25,22:50:49,-0300,25614227,journalofgospel,Bob Marovich,,@harrylitman Sounds like something Putin and his henchmen would pull off.,en,[],[],[],0,0,0,[],[],https://twitter.com/journalofgospel/status/1518769535754645504,False,,0,,,,,,,,"[{'screen_name': 'harrylitman', 'name': 'Harry Litman', 'id': '817787882395955200'}]",,,,
1518769533133242374,1518769527814856705,2022-04-25 22:50:48 Hora PadrÃ£o da Bahia,2022-04-25,22:50:48,-0300,174091851,noureen_shiraz,Noureen_Shiraz,,"â€œAunque la #propaganda #armenia da cifras absurdas, el hecho indiscutible es que estas bandas torturaron brutalmente a muchos mÃ¡s musulmanes que armenios muertos en Anatoliaâ€, aÃ±adiÃ³ #Erdogan.  #ArmenianGenocide #Turkey #Putin #Idlib #Iran #Biden .@EmmanuelMacron #Zelensky ğŸ¤¢ğŸ·",es,"[{'screen_name': 'emmanuelmacron', 'name': 'emmanuel macron', 'id': '1976143068'}]",[],[],0,0,0,"['propaganda', 'armenia', 'erdogan', 'armeniangenocide', 'turkey', 'putin', 'idlib', 'iran', 'biden', 'zelensky']",[],https://twitter.com/NOUREEN_SHIRAZ/status/1518769533133242374,False,,0,,,,,,,,[],,,,
1518769530931228674,1518701510393270274,2022-04-25 22:50:48 Hora PadrÃ£o da Bahia,2022-04-25,22:50:48,-0300,978720064957571072,josemmatos3,Diversities Matter ğŸ‡ºğŸ‡¸ğŸ‡§ğŸ‡·ğŸ‡ºğŸ‡¦,,"@caioblinder Musk  prefere energia limpa  , apoia a Ucrania  e vai combater robots no Twitter  .  Trump prefere energia do carvÃ£o  , apoia o Putin e foi banido da plataforma por espalhar mentiras.      Acho que  Musk Ã© Democrata  .",pt,[],[],[],0,0,0,[],[],https://twitter.com/JoseMMATOS3/status/1518769530931228674,False,,0,,,,,,,,"[{'screen_name': 'caioblinder', 'name': 'Caio Blinder', 'id': '522201237'}]",,,,
1518769524866125824,1518769524866125824,2022-04-25 22:50:46 Hora PadrÃ£o da Bahia,2022-04-25,22:50:46,-0300,843971239890710528,john_woodward1,Dr John Woodward,,"US withholds sanctions on a very close Putin associate: his reputed girlfriend - The Wall Street Journal. If the US is withholding sanctions on a close associate of Putin in hope of enhancing negotiations, they are living in a dream world.   https://t.co/LLkm9sdYZP",en,[],['https://apple.news/Ajnh54SUqRrySaklgDWXQ-A'],[],0,0,0,[],[],https://twitter.com/John_woodward1/status/1518769524866125824,False,,0,,,,,,,,[],,,,
1518769511335301122,1518548161706577920,2022-04-25 22:50:43 Hora PadrÃ£o da Bahia,2022-04-25,22:50:43,-0300,28201869,ramila67,DC,,@KyivIndependent Putinâ€™s a NAZI  https://t.co/AMVodTqCGw,en,[],[],['https://pbs.twimg.com/media/FRPAzt3VIAAUF-g.jpg'],0,0,0,[],[],https://twitter.com/Ramila67/status/1518769511335301122,False,,1,https://pbs.twimg.com/media/FRPAzt3VIAAUF-g.jpg,,,,,,,"[{'screen_name': 'KyivIndependent', 'name': 'The Kyiv Independent', 'id': '1462548977367359490'}]",,,,
1518769498379198464,1518769498379198464,2022-04-25 22:50:40 Hora PadrÃ£o da Bahia,2022-04-25,22:50:40,-0300,149429108,anitap2012,Ann,,Putin fue a Siria a,es,[],[],[],0,0,0,[],[],https://twitter.com/Anitap2012/status/1518769498379198464,False,https://twitter.com/manuelmolinarey/status/1518751314917920768,0,,,,,,,,[],,,,
1518769497414451202,1518769497414451202,2022-04-25 22:50:40 Hora PadrÃ£o da Bahia,2022-04-25,22:50:40,-0300,846832581790371840,artistcarolina,Artist Carolina,,I think trump would've said enough at some point to zelensky. In terms of $ weapons But then again he wouldn't have sided with Zelensky good terms with Putin   This administration had it out for Putin before anything even began plenty Obama administration people  In cabinet so.,en,[],[],[],0,0,0,[],[],https://twitter.com/ArtistCarolina/status/1518769497414451202,False,,0,,,,,,,,[],,,,
1518769497058029568,1518757613634215936,2022-04-25 22:50:40 Hora PadrÃ£o da Bahia,2022-04-25,22:50:40,-0300,862684657137180674,whitmanellis,Gray Ellis,,"@alaskarebel Where did Musk's purchase money come from? Putin,Mercers, Kochs,",en,[],[],[],0,0,0,[],[],https://twitter.com/WhitmanEllis/status/1518769497058029568,False,,0,,,,,,,,"[{'screen_name': 'alaskarebel', 'name': 'Pink Freud', 'id': '335576999'}]",,,,
1518769482327629825,1518741147551678469,2022-04-25 22:50:36 Hora PadrÃ£o da Bahia,2022-04-25,22:50:36,-0300,1515136422579216396,otansoldier,ĞœĞ¸Ğ³ĞµĞ»ÑŒ,,"@andyclaro0 @valmargonalves1 @dw_brasil Pare de se basear com noticias do Kremlin, Putin controla toda a midia e engana seu povo. Moscou estÃ¡ em chamas apÃ³s ser bombardeada pelo fantasma de Kiev.",pt,[],[],[],0,0,0,[],[],https://twitter.com/otansoldier/status/1518769482327629825,False,,0,,,,,,,,"[{'screen_name': 'andyclaro0', 'name': 'Andy Claro', 'id': '844384896'}, {'screen_name': 'valmargonalves1', 'name': 'valmargonÃ§alves', 'id': '837277532907057152'}, {'screen_name': 'dw_brasil', 'name': 'DW Brasil', 'id': '6135602'}]",,,,
1518769479592955907,1518486461221380102,2022-04-25 22:50:35 Hora PadrÃ£o da Bahia,2022-04-25,22:50:35,-0300,3001513225,roses4noses,Roses4Noses,,"@myprochoice @bibekum I'd love to think it wasn't dumb good luck.   But realistically I fear the fact Putin did atrocities to white people and is threatening the Baltic states too is all that saved France from Le Pen. Without that, her Putin ""loans"" would have been tolerated.",en,[],[],[],0,0,0,[],[],https://twitter.com/Roses4noses/status/1518769479592955907,False,,0,,,,,,,,"[{'screen_name': 'myprochoice', 'name': 'Jemma ğŸŒŠğŸ€âœ¡ï¸â˜®ï¸ğŸ•‰ğŸ’ªğŸ½', 'id': '1268301880632856577'}, {'screen_name': 'bibekum', 'name': 'Rita Bibekum AyağŸ‡¨ğŸ‡²ğŸ‡©ğŸ‡°', 'id': '1370095500'}]",,,,
1518769474861780992,1518769474861780992,2022-04-25 22:50:34 Hora PadrÃ£o da Bahia,2022-04-25,22:50:34,-0300,751101688572940288,weekendwithjake,Jake,,"#ElonMusk you saved #Twitter from itself,You made a privatized NASA better than #NASA, you challenged #Putin to a fist fight, for God sakes man jump in your Batmobile and get down to Orlando and save Mickey and Minnie from those non-binary transgendered pedophiles! #Disney",en,[],[],[],0,0,0,"['elonmusk', 'twitter', 'nasa', 'putin', 'disney']",[],https://twitter.com/WeekendWithJake/status/1518769474861780992,False,,0,,,,,,,,[],,,,
1518769471862812675,1518611631823114241,2022-04-25 22:50:34 Hora PadrÃ£o da Bahia,2022-04-25,22:50:34,-0300,1518758919711113216,chiefparks,Kyle Parks,,@DLoesch Do you mean like Putin and the  Ayatollah who tweeter currently allow.,en,[],[],[],0,0,0,[],[],https://twitter.com/chiefparks/status/1518769471862812675,False,,0,,,,,,,,"[{'screen_name': 'DLoesch', 'name': 'Dana Loesch', 'id': '7702542'}]",,,,
1518769463163645952,1518625913482760192,2022-04-25 22:50:32 Hora PadrÃ£o da Bahia,2022-04-25,22:50:32,-0300,820376893669130242,4realvputin,Vladimir Pukin,,"@EfromMi @Oyving1959 @penguinsrule27 @TomFitton @elonmusk @Twitter Iâ€™ve used the words insurrection &amp; coup since elementary school. But, then again, I knew how to spell the word weird (not â€œwierdâ€) in the 3rd grade, even without spellcheck, since it didnâ€™t exist back then. [Note: itâ€™s advisable to proofread when youâ€™re calling others idiots.]",en,[],[],[],0,0,0,[],[],https://twitter.com/4realVPutin/status/1518769463163645952,False,,0,,,,,,,,"[{'screen_name': 'EfromMi', 'name': 'CEfromMI', 'id': '1278448632111529991'}, {'screen_name': 'Oyving1959', 'name': 'Gary and the Pacemaker named Artie âœŒğŸ˜', 'id': '130229945'}, {'screen_name': 'penguinsrule27', 'name': 'Penguin Fanatic ğŸ§ ğŸŒˆ ğŸ‡ºğŸ‡¸ ğŸ‡ºğŸ‡¦ ğŸ‡ªğŸ‡¸ ğŸ‡§ğŸ‡·ğŸ’š', 'id': '1325830248106242052'}, {'screen_name': 'TomFitton', 'name': 'Tom Fitton', 'id': '18266688'}, {'screen_name': 'elonmusk', 'name': 'Elon Musk', 'id': '44196397'}, {'screen_name': 'Twitter', 'name': 'Twitter', 'id': '783214'}]",,,,
1518769459560919047,1518769459560919047,2022-04-25 22:50:31 Hora PadrÃ£o da Bahia,2022-04-25,22:50:31,-0300,1223249256234045440,joezimmermann1,joe Zimmermann,,@OlafScholz @vonderleyen  @Plaid_Putin @XiJinping_Pres @PMOIndia @MohamedBinZayed @official_saudi @ImranKhanPTI @IGeorgeGalloway @richimedhurst @QatarEmir @AlJazeeraWorld Henry Kissinger once notoriously said â€œTo be Americaâ€™s enemy is dangerous but to be Americaâ€™s friend is fatal,en,"[{'screen_name': 'vonderleyen', 'name': 'ursula von der leyen', 'id': '1146329871418843136'}, {'screen_name': 'plaid_putin', 'name': 'plaid vladimir putin', 'id': '102554270'}, {'screen_name': 'xijinping_pres', 'name': 'xi jinping ğŸ‡¨ğŸ‡³', 'id': '1257839817251045378'}, {'screen_name': 'pmoindia', 'name': 'pmo india', 'id': '471741741'}, {'screen_name': 'mohamedbinzayed', 'name': 'Ù…Ø­Ù…Ø¯ Ø¨Ù† Ø²Ø§ÙŠØ¯', 'id': '471010707'}, {'screen_name': 'official_saudi', 'name': 'official crown prince saudi arabian.', 'id': '1015634526763192320'}, {'screen_name': 'imrankhanpti', 'name': 'imran khan', 'id': '122453931'}, {'screen_name': 'igeorgegalloway', 'name': 'georgegalloway', 'id': '706122457451728898'}, {'screen_name': 'richimedhurst', 'name': 'richard medhurst', 'id': '1155845777039810560'}, {'screen_name': 'qataremir', 'name': 'hh the emir of qatar', 'id': '2841814361'}, {'screen_name': 'aljazeeraworld', 'name': 'al jazeera world', 'id': '861390829'}]",[],[],0,0,0,[],[],https://twitter.com/joeZimmermann1/status/1518769459560919047,False,,0,,,,,,,,[],,,,
1518769450597683200,1518769091993124864,2022-04-25 22:50:29 Hora PadrÃ£o da Bahia,2022-04-25,22:50:29,-0300,1493750456979316736,marlboro257,Aleister Crowley,,@thehill FU PutinğŸ–•ğŸ–•Tell your story walkingğŸ–•ğŸ–•,en,[],[],[],0,0,0,[],[],https://twitter.com/Marlboro257/status/1518769450597683200,False,,0,,,,,,,,"[{'screen_name': 'thehill', 'name': 'The Hill', 'id': '1917731'}]",,,,
1518769448278056961,1518572348336705536,2022-04-25 22:50:28 Hora PadrÃ£o da Bahia,2022-04-25,22:50:28,-0300,31077930,igeusllc,igeus,,"@timkmak February 24 of 2022 Vladimir #Putin started the last war of the human race, WW3. All 8 billion of us will die in it! -- People should do something to stop this",en,[],[],[],0,0,0,['putin'],[],https://twitter.com/igeusllc/status/1518769448278056961,False,,0,,,,,,,,"[{'screen_name': 'timkmak', 'name': 'Tim Mak', 'id': '17907987'}]",,,,
1518769446655078400,1518769446655078400,2022-04-25 22:50:28 Hora PadrÃ£o da Bahia,2022-04-25,22:50:28,-0300,591199881,cyrktrder64,Michael Heinbaugh,,"@durnil_j I figured with all your letters, and learnin â€˜nâ€™ stuff you could proof my tweetâ€¦ If you are really and truly as against Putin as it seems, then how can you justify in any way, helping Trump build his army? Talk about conflict(s) of interestâ€¦",en,[],[],[],0,0,0,[],[],https://twitter.com/Cyrktrder64/status/1518769446655078400,False,,0,,,,,,,,[],,,,
1518769446109732864,1518769446109732864,2022-04-25 22:50:27 Hora PadrÃ£o da Bahia,2022-04-25,22:50:27,-0300,24996451,wrestlerkw7,Dr. Kenneth Warner,,What Will a Desperate Putin Do?  https://t.co/FWfiqGj5XV,en,[],['https://www.nationalreview.com/the-morning-jolt/what-will-a-desperate-putin-do/'],[],0,0,0,[],[],https://twitter.com/wrestlerkw7/status/1518769446109732864,False,,0,,,,,,,,[],,,,
1518769444713111555,1518686515349626880,2022-04-25 22:50:27 Hora PadrÃ£o da Bahia,2022-04-25,22:50:27,-0300,820296993163517953,burtstengl,Burt,,@DuaneStorey @Dennis76313608 @spook_info Donuts could force Putin to escalate. We need diplomacy now.,en,[],[],[],0,0,0,[],[],https://twitter.com/burtstengl/status/1518769444713111555,False,,0,,,,,,,,"[{'screen_name': 'DuaneStorey', 'name': 'Duane Storey', 'id': '1599841'}, {'screen_name': 'Dennis76313608', 'name': 'Sir_Crocodile', 'id': '1275885007152832512'}, {'screen_name': 'spook_info', 'name': 'spook', 'id': '1461892970781757443'}]",,,,
1518769434579644418,1518769434579644418,2022-04-25 22:50:25 Hora PadrÃ£o da Bahia,2022-04-25,22:50:25,-0300,262827706,jmescoda,Josep Maria Escoda,,Vladimir Putin has to appear victorious 14 Days from today. Can he?  https://t.co/925EGvuybG,en,[],['https://www.newsweek.com/vladimir-putin-has-appear-victorious-14-days-today-can-he-1700424'],[],0,0,0,[],[],https://twitter.com/jmescoda/status/1518769434579644418,False,,0,,,,,,,,[],,,,
1518769414509891586,1518769414509891586,2022-04-25 22:50:20 Hora PadrÃ£o da Bahia,2022-04-25,22:50:20,-0300,1106187981721874433,philjonesy3,ğŸ’™ Phil Jones ğŸŠ,,The #Navalny doc on #BBC2 is a powerful bit of film making.  It reminds us how scared Putin is of losing power. I don't know if the invasion of Ukraine was in Putin's thinking at the time but what a puissant proponent of peace Navalny would have been.,en,[],[],[],0,0,0,"['navalny', 'bbc2']",[],https://twitter.com/PhilJonesy3/status/1518769414509891586,False,,0,,,,,,,,[],,,,
1518769404061917185,1518680423001427975,2022-04-25 22:50:17 Hora PadrÃ£o da Bahia,2022-04-25,22:50:17,-0300,756534198740082693,derek_prowse,Derek Prowse,,"@RBReich No it does not unless you are operational because of a Putinâ€™s paycheque, of course.",en,[],[],[],0,0,0,[],[],https://twitter.com/Derek_Prowse/status/1518769404061917185,False,,0,,,,,,,,"[{'screen_name': 'RBReich', 'name': 'Robert Reich', 'id': '148529707'}]",,,,
1518769402098950145,1518763738173747201,2022-04-25 22:50:17 Hora PadrÃ£o da Bahia,2022-04-25,22:50:17,-0300,465270113,thewfh,"Minerva, 'Putin khuylo!!' ğŸŒ» ğŸ‡ºğŸ‡¦ğŸŒ»ğŸ‡ºğŸ‡¦",,@PreetBharara Screw Monopolies....  I'm here to push back on the BS!,en,[],[],[],0,0,0,[],[],https://twitter.com/thewfh/status/1518769402098950145,False,,0,,,,,,,,"[{'screen_name': 'PreetBharara', 'name': 'Preet Bharara', 'id': '834081571493785600'}]",,,,
1518769397170585601,1518769397170585601,2022-04-25 22:50:16 Hora PadrÃ£o da Bahia,2022-04-25,22:50:16,-0300,50707051,chorswell,cindy horswell,,Trump blasts Putin's use of the 'N-word' on Piers Morgan's new show  https://t.co/Y8xOd7vu44 via @nypost,en,"[{'screen_name': 'nypost', 'name': 'new york post', 'id': '17469289'}]",['https://nypost.com/2022/04/25/trump-blasts-putins-use-of-the-n-word-on-piers-morgans-new-show/?utm_source=twitter_sitebuttons&utm_medium=site%20buttons&utm_campaign=site%20buttons'],[],0,0,0,[],[],https://twitter.com/chorswell/status/1518769397170585601,False,,0,,,,,,,,[],,,,
